array_size,time,location
10000000,1.249035,M1 Macbook Pro 2 Processes
100000000,18.166659,M1 Macbook Pro 2 Processes
1000000000,347.166423,M1 Macbook Pro 2 Processes
10000000,0.428920,M1 Macbook Pro 4 Processes
100000000,5.300791,M1 Macbook Pro 4 Processes
1000000000,138.581238,M1 Macbook Pro 4 Processes
